algorithm,parameters,count,k-nn,epsilon,largeepsilon,rel,qps,p50,p95,p99,p999,distcomps,build,candidates,indexsize,queriessize,dataset
oceanbase-ivfflat,"OceanBaseIVFFLAT metric:euclidean, index_lists:4096, search_probes:150",10,1.0,1.0,1.0,0.0595489264704937,483.39646574512983,2.1591187,2.5451899,2.8573089,3.5014327,0.0,22.75734305381775,10.0,6956.0,14.389844553947446,random-xs-20-euclidean
oceanbase-ivfflat,"OceanBaseIVFFLAT metric:euclidean, index_lists:1024, search_probes:10",10,0.9981,0.9994,1.0,0.05955562626663819,726.0285567844217,1.5131235,1.7538904,2.041486,2.727428,0.0,7.021338701248169,10.0,0.0,0.0,random-xs-20-euclidean
oceanbase-ivfflat,"OceanBaseIVFFLAT metric:euclidean, index_lists:64, search_probes:1",10,0.9997999999999999,1.0,1.0,0.0595494232876304,685.4024756368029,1.6547441,2.089274,2.3478343,2.7318256,0.0,2.659893751144409,10.0,0.0,0.0,random-xs-20-euclidean
oceanbase-ivfflat,"OceanBaseIVFFLAT metric:euclidean, index_lists:1024, search_probes:100",10,1.0,1.0,1.0,0.0595489264704937,369.08690873927236,2.8582811,3.4447193,3.6602762,3.8192894,0.0,7.021338701248169,10.0,0.0,0.0,random-xs-20-euclidean
oceanbase-ivfflat,"OceanBaseIVFFLAT metric:euclidean, index_lists:128, search_probes:50",10,1.0,1.0,1.0,0.0595489264704937,490.15518586099444,2.3742914,2.544403,2.8210163,3.1579556,0.0,2.4570162296295166,10.0,-512.0,-1.044567138671875,random-xs-20-euclidean
oceanbase-ivfflat,"OceanBaseIVFFLAT metric:euclidean, index_lists:1024, search_probes:200",10,1.0,1.0,1.0,0.0595489264704937,277.5344105484547,3.7808418,4.373944,4.6749067,5.0749288,0.0,7.021338701248169,10.0,0.0,0.0,random-xs-20-euclidean
oceanbase-ivfflat,"OceanBaseIVFFLAT metric:euclidean, index_lists:32, search_probes:1",10,0.9997999999999999,0.9999,1.0,0.05954976575381202,617.6319521998709,1.7222166,2.1700263,2.6357985,3.1367967,0.0,2.3106908798217773,10.0,0.0,0.0,random-xs-20-euclidean
oceanbase-ivfflat,"OceanBaseIVFFLAT metric:euclidean, index_lists:4096, search_probes:10",10,0.9118999999999999,0.9531000000000001,1.0,0.059833694335704804,635.078182845047,1.6880035,2.1165488,2.5267649,5.185617,0.0,22.75734305381775,10.0,6956.0,10.952982149124146,random-xs-20-euclidean
oceanbase-ivfflat,"OceanBaseIVFFLAT metric:euclidean, index_lists:32, search_probes:10",10,1.0,1.0,1.0,0.0595489264704937,258.04543214555315,4.024744,4.6355844,5.304323,6.3678365,0.0,2.3106908798217773,10.0,0.0,0.0,random-xs-20-euclidean
oceanbase-ivfflat,"OceanBaseIVFFLAT metric:euclidean, index_lists:1024, search_probes:50",10,1.0,1.0,1.0,0.0595489264704937,527.607110380515,2.6096106,3.1058788,3.3579853,3.5647008,0.0,7.021338701248169,10.0,0.0,0.0,random-xs-20-euclidean
oceanbase-ivfflat,"OceanBaseIVFFLAT metric:euclidean, index_lists:4096, search_probes:200",10,1.0,1.0,1.0,0.0595489264704937,441.3681631828399,2.3305416,2.7126193,3.3897,3.9093518,0.0,22.75734305381775,10.0,6956.0,15.760085525512695,random-xs-20-euclidean
oceanbase-ivfflat,"OceanBaseIVFFLAT metric:euclidean, index_lists:128, search_probes:200",10,1.0,1.0,1.0,0.0595489264704937,284.58550587717394,3.657937,4.514003,4.830606,5.5563545,0.0,2.4570162296295166,10.0,-512.0,-1.7991077880859376,random-xs-20-euclidean
oceanbase-ivfflat,"OceanBaseIVFFLAT metric:euclidean, index_lists:1024, search_probes:1",10,0.3445,0.372,0.6373,inf,711.0773549975247,1.7514229,2.401042,2.6894405,2.8961217,0.0,7.021338701248169,8.912,0.0,0.0,random-xs-20-euclidean
oceanbase-ivfflat,"OceanBaseIVFFLAT metric:euclidean, index_lists:2048, search_probes:5",10,0.7852,0.8397,0.9976,0.06055135874834241,730.8417976359661,1.7049313,2.4653432,2.7381017,2.8959563,0.0,11.526059627532959,10.0,0.0,0.0,random-xs-20-euclidean
oceanbase-ivfflat,"OceanBaseIVFFLAT metric:euclidean, index_lists:64, search_probes:20",10,1.0,1.0,1.0,0.0595489264704937,263.32274782295775,3.8710833,4.3898344,4.583011,6.4158497,0.0,2.659893751144409,10.0,0.0,0.0,random-xs-20-euclidean
oceanbase-ivfflat,"OceanBaseIVFFLAT metric:euclidean, index_lists:64, search_probes:5",10,1.0,1.0,1.0,0.0595489264704937,501.20805808621,2.0793676,2.637887,3.0818605,3.6060905,0.0,2.659893751144409,10.0,0.0,0.0,random-xs-20-euclidean
oceanbase-ivfflat,"OceanBaseIVFFLAT metric:euclidean, index_lists:4096, search_probes:50",10,1.0,1.0,1.0,0.0595489264704937,595.5312551736044,1.7825365,2.1523592,2.3472717,3.3229938,0.0,22.75734305381775,10.0,6956.0,11.680327337265016,random-xs-20-euclidean
oceanbase-ivfflat,"OceanBaseIVFFLAT metric:euclidean, index_lists:64, search_probes:50",10,1.0,1.0,1.0,0.0595489264704937,144.97895192308556,7.1305037,8.023787,8.395374,9.033652,0.0,2.659893751144409,10.0,0.0,0.0,random-xs-20-euclidean
oceanbase-ivfflat,"OceanBaseIVFFLAT metric:euclidean, index_lists:4096, search_probes:1",10,0.20870000000000002,0.2171,0.2978,inf,675.6279953247483,1.5685558,1.8966317,2.2022803,2.668293,0.0,22.75734305381775,3.908,6956.0,10.295606529235839,random-xs-20-euclidean
oceanbase-ivfflat,"OceanBaseIVFFLAT metric:euclidean, index_lists:512, search_probes:200",10,1.0,1.0,1.0,0.0595489264704937,227.18257530862553,4.6607256,5.494714,5.964461,6.492764,0.0,5.2450110912323,10.0,320.0,1.4085587310791015,random-xs-20-euclidean
oceanbase-ivfflat,"OceanBaseIVFFLAT metric:euclidean, index_lists:128, search_probes:100",10,1.0,1.0,1.0,0.0595489264704937,334.58627903207076,3.1751394,3.5443664,3.7482595,4.429493,0.0,2.4570162296295166,10.0,-512.0,-1.530248046875,random-xs-20-euclidean
oceanbase-ivfflat,"OceanBaseIVFFLAT metric:euclidean, index_lists:512, search_probes:10",10,1.0,1.0,1.0,0.0595489264704937,729.6824945608322,1.5166998,1.7817258,1.962266,2.1799707,0.0,5.2450110912323,10.0,320.0,0.43854690551757813,random-xs-20-euclidean
oceanbase-ivfflat,"OceanBaseIVFFLAT metric:euclidean, index_lists:128, search_probes:150",10,1.0,1.0,1.0,0.0595489264704937,283.68217940860137,3.5668612,3.9607644,4.240949,4.6541204,0.0,2.4570162296295166,10.0,-512.0,-1.804836669921875,random-xs-20-euclidean
oceanbase-ivfflat,"OceanBaseIVFFLAT metric:euclidean, index_lists:2048, search_probes:10",10,0.9672000000000001,0.9853999999999999,1.0,0.05965764260101968,743.316396966695,1.9533634,2.658844,2.8402808,3.0426576,0.0,11.526059627532959,10.0,0.0,0.0,random-xs-20-euclidean
oceanbase-ivfflat,"OceanBaseIVFFLAT metric:euclidean, index_lists:2048, search_probes:50",10,1.0,1.0,1.0,0.0595489264704937,536.4235776501259,2.2410154,2.8492332,3.0159974,3.1735334,0.0,11.526059627532959,10.0,0.0,0.0,random-xs-20-euclidean
oceanbase-ivfflat,"OceanBaseIVFFLAT metric:euclidean, index_lists:2048, search_probes:20",10,0.9999,1.0,1.0,0.05954926411320797,647.5543395192883,1.5826225,1.8389583,2.1338892,2.8212967,0.0,11.526059627532959,10.0,0.0,0.0,random-xs-20-euclidean
oceanbase-ivfflat,"OceanBaseIVFFLAT metric:euclidean, index_lists:32, search_probes:150",10,1.0,1.0,1.0,0.0595489264704937,131.26134038158355,7.6414347,8.18398,9.678336,10.189128,0.0,2.3106908798217773,10.0,0.0,0.0,random-xs-20-euclidean
oceanbase-ivfflat,"OceanBaseIVFFLAT metric:euclidean, index_lists:4096, search_probes:20",10,0.9955999999999999,0.9986,1.0,0.05955963456800325,639.7327288495499,1.6764402,2.0204425,2.3017194,2.7964401,0.0,22.75734305381775,10.0,6956.0,10.873290807723999,random-xs-20-euclidean
oceanbase-ivfflat,"OceanBaseIVFFLAT metric:euclidean, index_lists:2048, search_probes:150",10,1.0,1.0,1.0,0.0595489264704937,326.7111991971308,3.2554865,3.8927553,4.1483474,4.998422,0.0,11.526059627532959,10.0,0.0,0.0,random-xs-20-euclidean
oceanbase-ivfflat,"OceanBaseIVFFLAT metric:euclidean, index_lists:128, search_probes:5",10,1.0,1.0,1.0,0.0595489264704937,865.0514435247321,1.1930466,1.3316393,1.7543656,2.3005834,0.0,2.4570162296295166,10.0,-512.0,-0.591872314453125,random-xs-20-euclidean
oceanbase-ivfflat,"OceanBaseIVFFLAT metric:euclidean, index_lists:32, search_probes:50",10,1.0,1.0,1.0,0.0595489264704937,128.58848618020758,7.8190565,9.010196,9.7004385,11.317631,0.0,2.3106908798217773,10.0,0.0,0.0,random-xs-20-euclidean
oceanbase-ivfflat,"OceanBaseIVFFLAT metric:euclidean, index_lists:64, search_probes:100",10,1.0,1.0,1.0,0.0595489264704937,119.55812649290739,8.379102,9.1520195,9.749154,10.358528,0.0,2.659893751144409,10.0,0.0,0.0,random-xs-20-euclidean
oceanbase-ivfflat,"OceanBaseIVFFLAT metric:euclidean, index_lists:64, search_probes:200",10,1.0,1.0,1.0,0.0595489264704937,127.85631381968965,7.781744,8.426833,9.436688,10.092706,0.0,2.659893751144409,10.0,0.0,0.0,random-xs-20-euclidean
oceanbase-ivfflat,"OceanBaseIVFFLAT metric:euclidean, index_lists:1024, search_probes:20",10,1.0,1.0,1.0,0.0595489264704937,522.4396737392697,2.0321608,2.5963783,2.844248,3.0374894,0.0,7.021338701248169,10.0,0.0,0.0,random-xs-20-euclidean
oceanbase-ivfflat,"OceanBaseIVFFLAT metric:euclidean, index_lists:256, search_probes:1",10,0.6625,0.7011000000000001,0.9396000000000001,inf,692.7467863685109,1.4669895,1.7218709,2.069011,2.7429476,0.0,3.640230417251587,9.942,0.0,0.0,random-xs-20-euclidean
oceanbase-ivfflat,"OceanBaseIVFFLAT metric:euclidean, index_lists:256, search_probes:5",10,0.9999,0.9999,1.0,0.05954950046310795,910.4203888129294,1.1373758,1.3292432,1.7659215,2.46307,0.0,3.640230417251587,10.0,0.0,0.0,random-xs-20-euclidean
oceanbase-ivfflat,"OceanBaseIVFFLAT metric:euclidean, index_lists:512, search_probes:100",10,1.0,1.0,1.0,0.0595489264704937,348.4324748758851,2.9348135,3.3701897,3.7567785,4.662731,0.0,5.2450110912323,10.0,320.0,0.918398895263672,random-xs-20-euclidean
oceanbase-ivfflat,"OceanBaseIVFFLAT metric:euclidean, index_lists:2048, search_probes:100",10,1.0,1.0,1.0,0.0595489264704937,437.0830023404234,2.818942,3.4106374,3.6135747,3.7649267,0.0,11.526059627532959,10.0,0.0,0.0,random-xs-20-euclidean
oceanbase-ivfflat,"OceanBaseIVFFLAT metric:euclidean, index_lists:512, search_probes:150",10,1.0,1.0,1.0,0.0595489264704937,268.1741128181835,3.8522482,4.726088,5.119164,6.764006,0.0,5.2450110912323,10.0,320.0,1.1932546234130859,random-xs-20-euclidean
oceanbase-ivfflat,"OceanBaseIVFFLAT metric:euclidean, index_lists:32, search_probes:20",10,1.0,1.0,1.0,0.0595489264704937,164.8675498849352,6.095648,7.0085287,7.615888,8.308083,0.0,2.3106908798217773,10.0,0.0,0.0,random-xs-20-euclidean
oceanbase-ivfflat,"OceanBaseIVFFLAT metric:euclidean, index_lists:256, search_probes:150",10,1.0,1.0,1.0,0.0595489264704937,338.6888426910811,3.3576488,4.0135384,4.2492847,5.850161,0.0,3.640230417251587,10.0,0.0,0.0,random-xs-20-euclidean
oceanbase-ivfflat,"OceanBaseIVFFLAT metric:euclidean, index_lists:32, search_probes:200",10,1.0,1.0,1.0,0.0595489264704937,130.34466050132008,7.6174736,8.168578,9.266769,10.816315,0.0,2.3106908798217773,10.0,0.0,0.0,random-xs-20-euclidean
oceanbase-ivfflat,"OceanBaseIVFFLAT metric:euclidean, index_lists:512, search_probes:5",10,0.9833999999999999,0.9914999999999999,1.0,0.059618085345309865,773.504325519551,1.5246868,2.2096992,2.6179078,2.8503182,0.0,5.2450110912323,10.0,320.0,0.4137016296386719,random-xs-20-euclidean
oceanbase-ivfflat,"OceanBaseIVFFLAT metric:euclidean, index_lists:32, search_probes:5",10,1.0,1.0,1.0,0.0595489264704937,381.0600533100171,2.7393103,3.3202646,3.5550478,4.03638,0.0,2.3106908798217773,10.0,0.0,0.0,random-xs-20-euclidean
oceanbase-ivfflat,"OceanBaseIVFFLAT metric:euclidean, index_lists:256, search_probes:50",10,1.0,1.0,1.0,0.0595489264704937,570.7175102735994,2.1141768,2.772367,3.0519464,3.2909343,0.0,3.640230417251587,10.0,0.0,0.0,random-xs-20-euclidean
oceanbase-ivfflat,"OceanBaseIVFFLAT metric:euclidean, index_lists:256, search_probes:10",10,1.0,1.0,1.0,0.0595489264704937,865.5257440165119,1.2592077,1.5572308,1.8825626,2.3110368,0.0,3.640230417251587,10.0,0.0,0.0,random-xs-20-euclidean
oceanbase-ivfflat,"OceanBaseIVFFLAT metric:euclidean, index_lists:512, search_probes:1",10,0.4713,0.5086999999999999,0.8162,inf,729.8521295207443,1.7799139,2.298832,2.6925087,2.9525917,0.0,5.2450110912323,9.75,320.0,0.43844497680664063,random-xs-20-euclidean
oceanbase-ivfflat,"OceanBaseIVFFLAT metric:euclidean, index_lists:256, search_probes:100",10,1.0,1.0,1.0,0.0595489264704937,430.013902159961,2.4006367,2.7225137,2.991114,3.249986,0.0,3.640230417251587,10.0,0.0,0.0,random-xs-20-euclidean
oceanbase-ivfflat,"OceanBaseIVFFLAT metric:euclidean, index_lists:1024, search_probes:5",10,0.9026,0.9394,0.9997999999999999,0.05996533158306203,764.2155842764474,1.4936924,1.8072486,1.951895,2.215131,0.0,7.021338701248169,10.0,0.0,0.0,random-xs-20-euclidean
oceanbase-ivfflat,"OceanBaseIVFFLAT metric:euclidean, index_lists:2048, search_probes:1",10,0.267,0.2867,0.4545,inf,609.635348496756,1.8514395,2.5301933,2.72959,3.1136463,0.0,11.526059627532959,6.617,0.0,0.0,random-xs-20-euclidean
oceanbase-ivfflat,"OceanBaseIVFFLAT metric:euclidean, index_lists:256, search_probes:20",10,1.0,1.0,1.0,0.0595489264704937,616.0378243896579,1.715064,2.303958,2.636211,2.7737746,0.0,3.640230417251587,10.0,0.0,0.0,random-xs-20-euclidean
oceanbase-ivfflat,"OceanBaseIVFFLAT metric:euclidean, index_lists:64, search_probes:150",10,1.0,1.0,1.0,0.0595489264704937,125.97884459701511,7.9197884,9.109545,9.8727045,11.162591,0.0,2.659893751144409,10.0,0.0,0.0,random-xs-20-euclidean
oceanbase-ivfflat,"OceanBaseIVFFLAT metric:euclidean, index_lists:128, search_probes:10",10,1.0,1.0,1.0,0.0595489264704937,769.355105568634,1.3688803,1.5826583,1.8496541,2.3540418,0.0,2.4570162296295166,10.0,-512.0,-0.665492431640625,random-xs-20-euclidean
oceanbase-ivfflat,"OceanBaseIVFFLAT metric:euclidean, index_lists:2048, search_probes:200",10,1.0,1.0,1.0,0.0595489264704937,280.59313919889706,3.5954714,4.2851806,4.596057,5.3002515,0.0,11.526059627532959,10.0,0.0,0.0,random-xs-20-euclidean
oceanbase-ivfflat,"OceanBaseIVFFLAT metric:euclidean, index_lists:64, search_probes:10",10,1.0,1.0,1.0,0.0595489264704937,349.43089963270756,3.3259392,4.038918,4.3495846,4.9319997,0.0,2.659893751144409,10.0,0.0,0.0,random-xs-20-euclidean
oceanbase-ivfflat,"OceanBaseIVFFLAT metric:euclidean, index_lists:1024, search_probes:150",10,1.0,1.0,1.0,0.0595489264704937,317.6715589893172,3.3407211,3.9242384,4.159262,4.530102,0.0,7.021338701248169,10.0,0.0,0.0,random-xs-20-euclidean
oceanbase-ivfflat,"OceanBaseIVFFLAT metric:euclidean, index_lists:256, search_probes:200",10,1.0,1.0,1.0,0.0595489264704937,287.2447377893538,3.685832,4.3750167,4.746025,5.047947,0.0,3.640230417251587,10.0,0.0,0.0,random-xs-20-euclidean
oceanbase-ivfflat,"OceanBaseIVFFLAT metric:euclidean, index_lists:512, search_probes:50",10,1.0,1.0,1.0,0.0595489264704937,473.8340871689855,2.1728277,2.5447726,2.9936764,3.6295593,0.0,5.2450110912323,10.0,320.0,0.6753418731689453,random-xs-20-euclidean
oceanbase-ivfflat,"OceanBaseIVFFLAT metric:euclidean, index_lists:32, search_probes:100",10,1.0,1.0,1.0,0.0595489264704937,129.79756636990132,7.674575,8.126271,9.328549,10.207841,0.0,2.3106908798217773,10.0,0.0,0.0,random-xs-20-euclidean
oceanbase-ivfflat,"OceanBaseIVFFLAT metric:euclidean, index_lists:512, search_probes:20",10,1.0,1.0,1.0,0.0595489264704937,637.9800284438766,1.7211437,1.9774556,2.1706274,3.1738422,0.0,5.2450110912323,10.0,320.0,0.5015830993652344,random-xs-20-euclidean
oceanbase-ivfflat,"OceanBaseIVFFLAT metric:euclidean, index_lists:4096, search_probes:100",10,1.0,1.0,1.0,0.0595489264704937,535.9343217542514,1.9915104,2.747655,3.182223,3.4555118,0.0,22.75734305381775,10.0,6956.0,12.979202334403992,random-xs-20-euclidean
oceanbase-ivfflat,"OceanBaseIVFFLAT metric:euclidean, index_lists:4096, search_probes:5",10,0.6794,0.7243999999999999,0.9705,inf,663.2925645137313,1.6407967,1.9843937,2.2582994,2.9931593,0.0,22.75734305381775,9.975,6956.0,10.487076702117921,random-xs-20-euclidean
oceanbase-ivfflat,"OceanBaseIVFFLAT metric:euclidean, index_lists:128, search_probes:1",10,0.9168,0.9292999999999999,0.9917,inf,711.5705126465111,1.4336109,1.7548797,2.1736314,2.7467284,0.0,2.4570162296295166,9.982,-512.0,-0.71953515625,random-xs-20-euclidean
oceanbase-ivfflat,"OceanBaseIVFFLAT metric:euclidean, index_lists:128, search_probes:20",10,1.0,1.0,1.0,0.0595489264704937,696.9561971349101,1.5207529,1.849711,2.0270445,2.788528,0.0,2.4570162296295166,10.0,-512.0,-0.7346229248046875,random-xs-20-euclidean
oceanbase-ivfpq,"OceanBaseIVFPQ metric:euclidean, index_lists:512, search_probes:5",10,0.6735,0.7116,0.9390000000000001,0.06147320053376341,77.2729596576507,13.21578,13.85653,14.810588,16.443018,0.0,105.39565992355347,10.0,320.0,4.141164016723633,random-xs-20-euclidean
oceanbase-ivfpq,"OceanBaseIVFPQ metric:euclidean, index_lists:2048, search_probes:50",10,1.0,1.0,1.0,0.0595489264704937,336.8566325949983,3.2066107,3.541243,3.721967,4.023947,0.0,1116.601113319397,10.0,8640.0,25.648893814086914,random-xs-20-euclidean
oceanbase-ivfpq,"OceanBaseIVFPQ metric:euclidean, index_lists:2048, search_probes:150",10,1.0,1.0,1.0,0.0595489264704937,325.3265672793905,3.0913353,3.707206,4.169004,4.749152,0.0,1116.601113319397,10.0,8640.0,26.557929382324215,random-xs-20-euclidean
oceanbase-ivfpq,"OceanBaseIVFPQ metric:euclidean, index_lists:2048, search_probes:200",10,1.0,1.0,1.0,0.0595489264704937,332.54323700162564,3.065467,3.4223914,3.7776687,4.1802373,0.0,1116.601113319397,10.0,8640.0,25.98158386230469,random-xs-20-euclidean
oceanbase-ivfpq,"OceanBaseIVFPQ metric:euclidean, index_lists:512, search_probes:1",10,0.4266,0.461,0.7443,inf,136.13058267358548,7.4863434,8.111334,8.40117,8.843079,0.0,105.39565992355347,9.691,320.0,2.350684127807617,random-xs-20-euclidean
oceanbase-ivfpq,"OceanBaseIVFPQ metric:euclidean, index_lists:2048, search_probes:1",10,1.0,1.0,1.0,0.0595489264704937,329.61191206868193,3.0766726,3.4697175,3.975885,4.2452207,0.0,1116.601113319397,10.0,8640.0,26.21264488220215,random-xs-20-euclidean
oceanbase-ivfpq,"OceanBaseIVFPQ metric:euclidean, index_lists:2048, search_probes:100",10,1.0,1.0,1.0,0.0595489264704937,331.1148509483298,3.0686855,3.4401655,3.7035942,4.128742,0.0,1116.601113319397,10.0,8640.0,26.09366500854492,random-xs-20-euclidean
oceanbase-ivfpq,"OceanBaseIVFPQ metric:euclidean, index_lists:2048, search_probes:5",10,1.0,1.0,1.0,0.0595489264704937,333.34893723519895,3.0292273,3.4247637,3.8079622,4.1941657,0.0,1116.601113319397,10.0,8640.0,25.918786697387695,random-xs-20-euclidean
oceanbase-ivfpq,"OceanBaseIVFPQ metric:euclidean, index_lists:2048, search_probes:20",10,1.0,1.0,1.0,0.0595489264704937,337.2140149622447,3.043294,3.412509,3.6377218,3.98607,0.0,1116.601113319397,10.0,8640.0,25.62171089172363,random-xs-20-euclidean
oceanbase-ivfpq,"OceanBaseIVFPQ metric:euclidean, index_lists:2048, search_probes:10",10,1.0,1.0,1.0,0.0595489264704937,335.366843866226,3.0622482,3.3996344,3.666432,4.0388536,0.0,1116.601113319397,10.0,8640.0,25.762833023071288,random-xs-20-euclidean
oceanbase-ivfflat,"OceanBaseIVFFLAT metric:angular, index_lists:64, search_probes:150",10,1.0,1.0,1.0,0.023580812,121.92062635568365,8.780599,9.781504,10.509274,11.173218,0.0,2.414663076400757,10.0,0.0,0.0,random-xs-20-angular
oceanbase-ivfflat,"OceanBaseIVFFLAT metric:angular, index_lists:512, search_probes:20",10,1.0,1.0,1.0,0.023580812,581.7850935657347,2.097249,2.8635502,3.1428742,4.1967406,0.0,4.791829347610474,10.0,0.0,0.0,random-xs-20-angular
oceanbase-ivfflat,"OceanBaseIVFFLAT metric:angular, index_lists:2048, search_probes:1",10,0.3286,0.2832,0.3675,inf,714.8991467000012,1.4286041,1.9516348,3.2564676,11.055927,0.0,13.708078145980835,6.658,960.0,1.3428467559814452,random-xs-20-angular
oceanbase-ivfflat,"OceanBaseIVFFLAT metric:angular, index_lists:256, search_probes:20",10,1.0,1.0,1.0,0.023580812,730.6839221468634,1.4793873,1.8477559,2.3103406,3.5161874,0.0,4.2109694480896,10.0,8320.0,11.386592407226562,random-xs-20-angular
oceanbase-ivfflat,"OceanBaseIVFFLAT metric:angular, index_lists:4096, search_probes:200",10,1.0,1.0,1.0,0.023580812,386.0714344229626,2.6160479,3.0844927,3.589228,4.0303154,0.0,27.333284378051758,10.0,-520.0,-1.346900997161865,random-xs-20-angular
oceanbase-ivfflat,"OceanBaseIVFFLAT metric:angular, index_lists:128, search_probes:10",10,1.0,1.0,1.0,0.023580812,546.5944512304065,1.95539,2.3296952,2.8595188,3.3832173,0.0,2.320362091064453,10.0,0.0,0.0,random-xs-20-angular
oceanbase-ivfflat,"OceanBaseIVFFLAT metric:angular, index_lists:32, search_probes:200",10,1.0,1.0,1.0,0.023580812,124.82831770081596,8.052111,8.560216,9.451143,10.626058,0.0,2.592672109603882,10.0,960.0,7.690562667846679,random-xs-20-angular
oceanbase-ivfflat,"OceanBaseIVFFLAT metric:angular, index_lists:256, search_probes:5",10,1.0,1.0,1.0,0.023580812,921.928594617989,1.1761189,1.3067126,1.6931726,2.2664232,0.0,4.2109694480896,10.0,8320.0,9.024560089111327,random-xs-20-angular
oceanbase-ivfflat,"OceanBaseIVFFLAT metric:angular, index_lists:1024, search_probes:20",10,1.0,1.0,1.0,0.023580812,769.647338431648,1.4066696,1.6277432,1.8680168,2.7250192,0.0,8.276337385177612,10.0,0.0,0.0,random-xs-20-angular
oceanbase-ivfflat,"OceanBaseIVFFLAT metric:angular, index_lists:512, search_probes:5",10,0.9984,0.9932000000000001,0.9994999999999999,0.023611628,718.5366624146907,1.432538,1.7484306,2.11943,3.0295005,0.0,4.791829347610474,10.0,0.0,0.0,random-xs-20-angular
oceanbase-ivfflat,"OceanBaseIVFFLAT metric:angular, index_lists:32, search_probes:50",10,1.0,1.0,1.0,0.023580812,125.17571528379014,8.163929,8.68777,9.884477,11.3461895,0.0,2.592672109603882,10.0,960.0,7.669219207763672,random-xs-20-angular
oceanbase-ivfflat,"OceanBaseIVFFLAT metric:angular, index_lists:4096, search_probes:10",10,0.984,0.9359999999999999,0.9972,0.023806479,444.8715354189232,2.3076534,2.930832,3.158629,3.355744,0.0,27.333284378051758,10.0,-520.0,-1.1688767623901368,random-xs-20-angular
oceanbase-ivfflat,"OceanBaseIVFFLAT metric:angular, index_lists:1024, search_probes:1",10,0.4307,0.3681,0.493,inf,734.1778976307412,1.2620687,2.187848,2.7458024,10.899853,0.0,8.276337385177612,8.804,0.0,0.0,random-xs-20-angular
oceanbase-ivfflat,"OceanBaseIVFFLAT metric:angular, index_lists:64, search_probes:10",10,1.0,1.0,1.0,0.023580812,416.4360168210482,2.617836,3.4255266,3.9556193,4.651974,0.0,2.414663076400757,10.0,0.0,0.0,random-xs-20-angular
oceanbase-ivfflat,"OceanBaseIVFFLAT metric:angular, index_lists:512, search_probes:150",10,1.0,1.0,1.0,0.023580812,257.7521926091567,4.1890144,4.892087,5.202303,5.3313165,0.0,4.791829347610474,10.0,0.0,0.0,random-xs-20-angular
oceanbase-ivfflat,"OceanBaseIVFFLAT metric:angular, index_lists:256, search_probes:50",10,1.0,1.0,1.0,0.023580812,550.582007275977,1.9489527,2.198565,2.508653,2.736298,0.0,4.2109694480896,10.0,8320.0,15.111282043457031,random-xs-20-angular
oceanbase-ivfflat,"OceanBaseIVFFLAT metric:angular, index_lists:1024, search_probes:10",10,0.9997,0.9978,1.0,0.023591021,815.3658694000633,1.3363361,1.5895246,1.8480183,2.1886067,0.0,8.276337385177612,10.0,0.0,0.0,random-xs-20-angular
oceanbase-ivfflat,"OceanBaseIVFFLAT metric:angular, index_lists:1024, search_probes:100",10,1.0,1.0,1.0,0.023580812,551.9272761533905,1.909256,2.2076488,2.5462036,2.8840575,0.0,8.276337385177612,10.0,0.0,0.0,random-xs-20-angular
oceanbase-ivfflat,"OceanBaseIVFFLAT metric:angular, index_lists:1024, search_probes:50",10,1.0,1.0,1.0,0.023580812,643.2182504934202,1.6518831,1.9062637,2.277725,2.8973672,0.0,8.276337385177612,10.0,0.0,0.0,random-xs-20-angular
oceanbase-ivfflat,"OceanBaseIVFFLAT metric:angular, index_lists:64, search_probes:1",10,1.0,1.0,1.0,0.023580812,669.8563187275633,1.6225576,1.8818378,2.1319613,2.6089687,0.0,2.414663076400757,10.0,0.0,0.0,random-xs-20-angular
oceanbase-ivfflat,"OceanBaseIVFFLAT metric:angular, index_lists:256, search_probes:10",10,1.0,1.0,1.0,0.023580812,898.472471869075,1.1820793,1.5040636,1.7328717,2.3804414,0.0,4.2109694480896,10.0,8320.0,9.260161285400391,random-xs-20-angular
oceanbase-ivfflat,"OceanBaseIVFFLAT metric:angular, index_lists:2048, search_probes:200",10,1.0,1.0,1.0,0.023580812,423.50335885309795,2.5383234,2.9338477,3.3922148,3.9692576,0.0,13.708078145980835,10.0,960.0,2.2668061065673824,random-xs-20-angular
oceanbase-ivfflat,"OceanBaseIVFFLAT metric:angular, index_lists:256, search_probes:1",10,0.783,0.7001999999999999,0.8478999999999999,inf,716.7622194914092,1.514554,1.7752885,2.2369673,2.7720156,0.0,4.2109694480896,9.956,8320.0,11.607754669189452,random-xs-20-angular
oceanbase-ivfflat,"OceanBaseIVFFLAT metric:angular, index_lists:512, search_probes:1",10,0.561,0.4692,0.6418,inf,708.204684348325,1.4600754,1.6489267,1.9436312,2.5650628,0.0,4.791829347610474,9.787,0.0,0.0,random-xs-20-angular
oceanbase-ivfflat,"OceanBaseIVFFLAT metric:angular, index_lists:32, search_probes:1",10,1.0,1.0,1.0,0.023580812,582.3151193256853,1.7521381,2.331376,2.575972,2.8111157,0.0,2.592672109603882,10.0,960.0,1.6485919189453124,random-xs-20-angular
oceanbase-ivfflat,"OceanBaseIVFFLAT metric:angular, index_lists:128, search_probes:200",10,1.0,1.0,1.0,0.023580812,116.23255356383252,8.506179,9.415174,10.064344,12.330974,0.0,2.320362091064453,10.0,0.0,0.0,random-xs-20-angular
oceanbase-ivfflat,"OceanBaseIVFFLAT metric:angular, index_lists:64, search_probes:50",10,1.0,1.0,1.0,0.023580812,145.43094734182836,6.7795515,7.8566427,8.87881,9.855813,0.0,2.414663076400757,10.0,0.0,0.0,random-xs-20-angular
oceanbase-ivfflat,"OceanBaseIVFFLAT metric:angular, index_lists:1024, search_probes:150",10,1.0,1.0,1.0,0.023580812,442.7333605174855,2.4122,3.242004,3.5783603,4.2115583,0.0,8.276337385177612,10.0,0.0,0.0,random-xs-20-angular
oceanbase-ivfflat,"OceanBaseIVFFLAT metric:angular, index_lists:4096, search_probes:20",10,0.9997,0.9963,1.0,0.023592364,442.6828478001186,2.4023056,2.9865026,3.2077312,3.3475184,0.0,27.333284378051758,10.0,-520.0,-1.1746558570861816,random-xs-20-angular
oceanbase-ivfflat,"OceanBaseIVFFLAT metric:angular, index_lists:32, search_probes:150",10,1.0,1.0,1.0,0.023580812,124.20189630763923,8.19242,8.69683,9.449329,10.813158,0.0,2.592672109603882,10.0,960.0,7.7293505859375005,random-xs-20-angular
oceanbase-ivfflat,"OceanBaseIVFFLAT metric:angular, index_lists:512, search_probes:200",10,1.0,1.0,1.0,0.023580812,216.55242039680948,4.7516823,5.6291103,6.259744,6.861669,0.0,4.791829347610474,10.0,0.0,0.0,random-xs-20-angular
oceanbase-ivfflat,"OceanBaseIVFFLAT metric:angular, index_lists:32, search_probes:5",10,1.0,1.0,1.0,0.023580812,423.2167082806327,2.4969578,3.0169604,3.3489492,4.2216473,0.0,2.592672109603882,10.0,960.0,2.2683414459228515,random-xs-20-angular
oceanbase-ivfflat,"OceanBaseIVFFLAT metric:angular, index_lists:2048, search_probes:10",10,0.9946999999999999,0.976,0.999,0.023679117,657.8978409213541,1.6092062,2.110958,2.732635,4.650776,0.0,13.708078145980835,10.0,960.0,1.459193115234375,random-xs-20-angular
oceanbase-ivfflat,"OceanBaseIVFFLAT metric:angular, index_lists:2048, search_probes:5",10,0.9096,0.8128,0.9631000000000001,0.024437461,735.4797122964206,1.4767647,1.7111778,1.9874908,2.7067838,0.0,13.708078145980835,10.0,960.0,1.3052705383300782,random-xs-20-angular
oceanbase-ivfflat,"OceanBaseIVFFLAT metric:angular, index_lists:64, search_probes:5",10,1.0,1.0,1.0,0.023580812,547.2300736058518,1.8643141,2.3169038,2.9094577,3.3872483,0.0,2.414663076400757,10.0,0.0,0.0,random-xs-20-angular
oceanbase-ivfflat,"OceanBaseIVFFLAT metric:angular, index_lists:512, search_probes:100",10,1.0,1.0,1.0,0.023580812,311.94375364149715,3.5253763,4.2044277,4.4925857,4.695025,0.0,4.791829347610474,10.0,0.0,0.0,random-xs-20-angular
oceanbase-ivfflat,"OceanBaseIVFFLAT metric:angular, index_lists:256, search_probes:200",10,1.0,1.0,1.0,0.023580812,271.9844659750955,3.7002563,4.102254,4.3547416,5.299401,0.0,4.2109694480896,10.0,8320.0,30.589982299804685,random-xs-20-angular
oceanbase-ivfflat,"OceanBaseIVFFLAT metric:angular, index_lists:128, search_probes:20",10,1.0,1.0,1.0,0.023580812,398.0680388863596,2.6358366,2.9955268,3.5350962,4.1128397,0.0,2.320362091064453,10.0,0.0,0.0,random-xs-20-angular
oceanbase-ivfflat,"OceanBaseIVFFLAT metric:angular, index_lists:2048, search_probes:50",10,1.0,1.0,1.0,0.023580812,647.4789669491656,1.6943216,2.0153165,2.2939568,3.0136685,0.0,13.708078145980835,10.0,960.0,1.4826736450195312,random-xs-20-angular
oceanbase-ivfflat,"OceanBaseIVFFLAT metric:angular, index_lists:2048, search_probes:20",10,1.0,1.0,1.0,0.023580812,687.4425124022424,1.6795397,1.876843,2.1446779,2.6378496,0.0,13.708078145980835,10.0,960.0,1.3964804077148438,random-xs-20-angular
oceanbase-ivfflat,"OceanBaseIVFFLAT metric:angular, index_lists:256, search_probes:150",10,1.0,1.0,1.0,0.023580812,327.24244106415523,3.1604767,3.5920262,3.9697676,4.745563,0.0,4.2109694480896,10.0,8320.0,25.42457504272461,random-xs-20-angular
oceanbase-ivfflat,"OceanBaseIVFFLAT metric:angular, index_lists:2048, search_probes:150",10,1.0,1.0,1.0,0.023580812,489.78194372353266,2.112031,2.4847388,2.9721978,3.6979322,0.0,13.708078145980835,10.0,960.0,1.960055923461914,random-xs-20-angular
oceanbase-ivfflat,"OceanBaseIVFFLAT metric:angular, index_lists:32, search_probes:100",10,1.0,1.0,1.0,0.023580812,124.9874954515031,8.121729,8.878077,9.980081,10.69206,0.0,2.592672109603882,10.0,960.0,7.680768356323242,random-xs-20-angular
oceanbase-ivfflat,"OceanBaseIVFFLAT metric:angular, index_lists:512, search_probes:10",10,1.0,1.0,1.0,0.023580812,676.0936803846458,1.5645027,1.8351078,2.1318295,2.8724837,0.0,4.791829347610474,10.0,0.0,0.0,random-xs-20-angular
oceanbase-ivfflat,"OceanBaseIVFFLAT metric:angular, index_lists:128, search_probes:50",10,1.0,1.0,1.0,0.023580812,240.34478783001464,4.6213865,5.3890705,5.704696,6.6086497,0.0,2.320362091064453,10.0,0.0,0.0,random-xs-20-angular
oceanbase-ivfflat,"OceanBaseIVFFLAT metric:angular, index_lists:128, search_probes:100",10,1.0,1.0,1.0,0.023580812,136.0482010372907,7.447958,8.246279,8.794204,9.141296,0.0,2.320362091064453,10.0,0.0,0.0,random-xs-20-angular
oceanbase-ivfflat,"OceanBaseIVFFLAT metric:angular, index_lists:1024, search_probes:200",10,1.0,1.0,1.0,0.023580812,405.52338116628346,2.5752783,2.8932571,3.2788994,3.8888166,0.0,8.276337385177612,10.0,0.0,0.0,random-xs-20-angular
oceanbase-ivfflat,"OceanBaseIVFFLAT metric:angular, index_lists:64, search_probes:200",10,1.0,1.0,1.0,0.023580812,113.96689716254679,8.733749,9.702444,10.343836,10.947629,0.0,2.414663076400757,10.0,0.0,0.0,random-xs-20-angular
oceanbase-ivfflat,"OceanBaseIVFFLAT metric:angular, index_lists:128, search_probes:150",10,1.0,1.0,1.0,0.023580812,112.85305256682265,8.862495,9.619927,10.375325,10.7892275,0.0,2.320362091064453,10.0,0.0,0.0,random-xs-20-angular
oceanbase-ivfflat,"OceanBaseIVFFLAT metric:angular, index_lists:4096, search_probes:5",10,0.8,0.7037,0.8724999999999999,inf,535.5860539107334,2.0785332,2.7567503,2.99824,3.6483505,0.0,27.333284378051758,9.966,-520.0,-0.9708990669250489,random-xs-20-angular
oceanbase-ivfflat,"OceanBaseIVFFLAT metric:angular, index_lists:128, search_probes:1",10,0.95,0.9228999999999999,0.9724,0.024089674,687.8206194135024,1.5233755,1.7807484,2.1647072,2.5242524,0.0,2.320362091064453,10.0,0.0,0.0,random-xs-20-angular
oceanbase-ivfflat,"OceanBaseIVFFLAT metric:angular, index_lists:4096, search_probes:50",10,1.0,1.0,1.0,0.023580812,416.5999367100049,2.5804043,3.289771,3.6660674,4.015396,0.0,27.333284378051758,10.0,-520.0,-1.2481999015808105,random-xs-20-angular
oceanbase-ivfflat,"OceanBaseIVFFLAT metric:angular, index_lists:32, search_probes:20",10,1.0,1.0,1.0,0.023580812,179.12244732712648,5.766034,6.629121,7.2456765,8.116575,0.0,2.592672109603882,10.0,960.0,5.359462280273438,random-xs-20-angular
oceanbase-ivfflat,"OceanBaseIVFFLAT metric:angular, index_lists:4096, search_probes:1",10,0.2403,0.2162,0.2582,inf,598.6972356009762,1.7392635,2.0400047,2.3276093,2.7390282,0.0,27.333284378051758,4.006,-520.0,-0.8685525321960449,random-xs-20-angular
oceanbase-ivfflat,"OceanBaseIVFFLAT metric:angular, index_lists:64, search_probes:20",10,1.0,1.0,1.0,0.023580812,276.25065328149014,3.7982464,4.7426934,5.169184,6.894952,0.0,2.414663076400757,10.0,0.0,0.0,random-xs-20-angular
oceanbase-ivfflat,"OceanBaseIVFFLAT metric:angular, index_lists:4096, search_probes:150",10,1.0,1.0,1.0,0.023580812,368.45178015019866,2.8233528,3.4165382,3.694935,3.9403384,0.0,27.333284378051758,10.0,-520.0,-1.411310863494873,random-xs-20-angular
oceanbase-ivfflat,"OceanBaseIVFFLAT metric:angular, index_lists:4096, search_probes:100",10,1.0,1.0,1.0,0.023580812,379.7115813415612,2.7136803,3.3182144,3.557012,3.7166138,0.0,27.333284378051758,10.0,-520.0,-1.3694604682922362,random-xs-20-angular
oceanbase-ivfflat,"OceanBaseIVFFLAT metric:angular, index_lists:128, search_probes:5",10,1.0,1.0,1.0,0.023580812,645.9829518449532,1.7488003,2.3859618,2.7544143,2.9383287,0.0,2.320362091064453,10.0,0.0,0.0,random-xs-20-angular
oceanbase-ivfflat,"OceanBaseIVFFLAT metric:angular, index_lists:1024, search_probes:5",10,0.9692999999999999,0.9185000000000001,0.9917999999999999,0.023970349,832.38732378294,1.281023,1.5323281,1.8081003,2.3028364,0.0,8.276337385177612,10.0,0.0,0.0,random-xs-20-angular
oceanbase-ivfflat,"OceanBaseIVFFLAT metric:angular, index_lists:2048, search_probes:100",10,1.0,1.0,1.0,0.023580812,566.1797837441776,1.9317865,2.7256727,3.044951,5.725267,0.0,13.708078145980835,10.0,960.0,1.6955744934082033,random-xs-20-angular
oceanbase-ivfflat,"OceanBaseIVFFLAT metric:angular, index_lists:32, search_probes:10",10,1.0,1.0,1.0,0.023580812,295.9566599569673,3.6143064,4.216349,4.718635,5.772477,0.0,2.592672109603882,10.0,960.0,3.2437181854248047,random-xs-20-angular
oceanbase-ivfflat,"OceanBaseIVFFLAT metric:angular, index_lists:64, search_probes:100",10,1.0,1.0,1.0,0.023580812,119.27326838160322,8.522868,9.179914,9.93975,10.617026,0.0,2.414663076400757,10.0,0.0,0.0,random-xs-20-angular
oceanbase-ivfflat,"OceanBaseIVFFLAT metric:angular, index_lists:512, search_probes:50",10,1.0,1.0,1.0,0.023580812,404.1117364079826,2.650261,3.349924,3.6049607,3.8462408,0.0,4.791829347610474,10.0,0.0,0.0,random-xs-20-angular
oceanbase-ivfflat,"OceanBaseIVFFLAT metric:angular, index_lists:256, search_probes:100",10,1.0,1.0,1.0,0.023580812,409.74096849922097,2.6147366,2.9564142,3.2018232,3.7074778,0.0,4.2109694480896,10.0,8320.0,20.305511627197266,random-xs-20-angular
oceanbase-ivfpq,"OceanBaseIVFPQ metric:angular, index_lists:4096, search_probes:1",10,1.0,1.0,1.0,0.023580812,296.0735474141467,3.4368038,3.883934,4.100938,4.6665683,0.0,341.81690073013306,10.0,8804.0,29.735854745864867,random-xs-20-angular
oceanbase-ivfpq,"OceanBaseIVFPQ metric:angular, index_lists:4096, search_probes:20",10,1.0,1.0,1.0,0.023580812,296.53996735327354,4.032254,4.7652125,4.9699497,5.110961,0.0,341.81690073013306,10.0,8804.0,29.68908399963379,random-xs-20-angular
oceanbase-ivfpq,"OceanBaseIVFPQ metric:angular, index_lists:1024, search_probes:1",10,0.392,0.3388,0.4438,inf,142.55070872203683,7.4614286,8.245146,8.453489,8.919074,0.0,33.5397834777832,8.81,0.0,0.0,random-xs-20-angular
oceanbase-ivfpq,"OceanBaseIVFPQ metric:angular, index_lists:4096, search_probes:5",10,1.0,1.0,1.0,0.023580812,297.1641864749367,3.3931732,3.8101673,4.0181255,4.7135787,0.0,341.81690073013306,10.0,8804.0,29.626719506263733,random-xs-20-angular
oceanbase-ivfpq,"OceanBaseIVFPQ metric:angular, index_lists:4096, search_probes:200",10,1.0,1.0,1.0,0.023580812,297.2976018951951,3.4675598,3.8336039,4.063473,4.4124107,0.0,341.81690073013306,10.0,8804.0,29.613424204826355,random-xs-20-angular
oceanbase-ivfpq,"OceanBaseIVFPQ metric:angular, index_lists:4096, search_probes:50",10,1.0,1.0,1.0,0.023580812,299.1239455825006,3.4849644,3.8515925,4.059222,4.4403687,0.0,341.81690073013306,10.0,8804.0,29.432615242004395,random-xs-20-angular
oceanbase-ivfpq,"OceanBaseIVFPQ metric:angular, index_lists:4096, search_probes:10",10,1.0,1.0,1.0,0.023580812,299.8056193825367,3.3994913,3.802824,4.139459,4.7467294,0.0,341.81690073013306,10.0,8804.0,29.365693738937377,random-xs-20-angular
oceanbase-ivfpq,"OceanBaseIVFPQ metric:angular, index_lists:4096, search_probes:150",10,1.0,1.0,1.0,0.023580812,291.89853078645154,3.419757,4.082036,4.641338,4.896324,0.0,341.81690073013306,10.0,8804.0,30.161165855407713,random-xs-20-angular
oceanbase-ivfpq,"OceanBaseIVFPQ metric:angular, index_lists:4096, search_probes:100",10,1.0,1.0,1.0,0.023580812,297.79249797634344,3.3917427,3.8087723,4.147995,4.8051167,0.0,341.81690073013306,10.0,8804.0,29.56421017932892,random-xs-20-angular
oceanbase-ivfpq,"OceanBaseIVFPQ metric:angular, index_lists:1024, search_probes:5",10,0.6046,0.5322,0.6674,0.027532907,79.96864937554808,12.82084,13.644302,14.5840845,19.16752,0.0,33.5397834777832,10.0,0.0,0.0,random-xs-20-angular
oceanbase-ivfflat,"OceanBaseIVFFLAT metric:angular, index_lists:32, search_probes:10",10,0.98705,0.9861800000000001,0.99549,nan,19.641862424174413,51.188705,53.259182,54.14775,72.55581,0.0,20.29723858833313,10.0,1900.0,96.73217126607895,nytimes-16-angular
oceanbase-ivfflat,"OceanBaseIVFFLAT metric:angular, index_lists:32, search_probes:5",10,0.91295,0.9201,0.9888999999999999,nan,34.56847461325269,29.078365,30.980001,31.887363,33.2206,0.0,20.29723858833313,10.0,1900.0,54.963374035358434,nytimes-16-angular
oceanbase-ivfflat,"OceanBaseIVFFLAT metric:angular, index_lists:32, search_probes:1",10,0.5065500000000001,0.5144599999999999,0.72822,nan,150.07282119002315,6.6657066,7.4409003,7.7536387,8.455577,0.0,20.29723858833313,10.0,1900.0,12.660520305633543,nytimes-16-angular
